{
  "image_points": [
    [
      150,
      420
    ],
    [
      820,
      420
    ],
    [
      820,
      770
    ],
    [
      150,
      770
    ]
  ],
  "world_points": [
    [
      0,
      0
    ],
    [
      3,
      0
    ],
    [
      3,
      2
    ],
    [
      0,
      2
    ]
  ],
  "H": [
    [
      0.004477611940298509,
      0.0,
      -0.6716417910447766
    ],
    [
      0.0,
      0.005714285714285718,
      -2.4000000000000017
    ],
    [
      0.0,
      0.0,
      1.0
    ]
  ]
}